<?xml version="1.0" encoding="UTF-8"?><MD_Metadata xmlns:gts="http://www.isotc211.org/2005/gts" xmlns:gco="http://www.isotc211.org/2005/gco" xmlns:xalan="http://xml.apache.org/xalan" xmlns:srv="http://www.isotc211.org/2005/srv" xmlns:gmx="http://www.isotc211.org/2005/gmx" xmlns:xlink="http://www.w3.org/1999/xlink" xmlns:xsi="http://www.w3.org/2001/XMLSchema-instance" xmlns:gml="http://www.opengis.net/gml/3.2" xmlns="http://www.isotc211.org/2005/gmd">
    <fileIdentifier>
        <gco:CharacterString>ecda31174a204641a96d57cb4b379d0a</gco:CharacterString>
    </fileIdentifier>
    <characterSet>
        <MD_CharacterSetCode codeList="http://www.isotc211.org/2005/resources/Codelist/gmxCodelists.xml#MD_CharacterSetCode" codeListValue="utf8" codeSpace="ISOTC211/19115">utf8</MD_CharacterSetCode>
    </characterSet>
    <hierarchyLevel>
        <MD_ScopeCode codeList="http://www.isotc211.org/2005/resources/Codelist/gmxCodelists.xml#MD_ScopeCode" codeListValue="dataset" codeSpace="ISOTC211/19115">dataset</MD_ScopeCode>
    </hierarchyLevel>
    <hierarchyLevelName>
        <gco:CharacterString>dataset</gco:CharacterString>
    </hierarchyLevelName>
    <contact>
        <CI_ResponsibleParty>
            <role>
                <CI_RoleCode codeList="http://www.isotc211.org/2005/resources/Codelist/gmxCodelists.xml#CI_RoleCode" codeListValue="pointOfContact" codeSpace="ISOTC211/19115">pointOfContact</CI_RoleCode>
            </role>
        </CI_ResponsibleParty>
    </contact>
    <dateStamp>
        <gco:Date>2020-12-17</gco:Date>
    </dateStamp>
    <metadataStandardName>
        <gco:CharacterString>ISO 19139 Geographic Information - Metadata - Implementation Specification</gco:CharacterString>
    </metadataStandardName>
    <metadataStandardVersion>
        <gco:CharacterString>2007</gco:CharacterString>
    </metadataStandardVersion>
    <identificationInfo>
        <MD_DataIdentification>
            <citation>
                <CI_Citation>
                    <title>
                        <gco:CharacterString>Mapa hidrogeológico de La Guajira</gco:CharacterString>
                    </title>
                    <date gco:nilReason="missing"/>
                    <citedResponsibleParty>
                        <CI_ResponsibleParty>
                            <organisationName>
                                <gco:CharacterString>Servicio Geológico Colombiano</gco:CharacterString>
                            </organisationName>
                            <role>
                                <CI_RoleCode codeList="http://www.isotc211.org/2005/resources/Codelist/gmxCodelists.xml#CI_RoleCode" codeListValue="owner" codeSpace="ISOTC211/19115">owner</CI_RoleCode>
                            </role>
                        </CI_ResponsibleParty>
                    </citedResponsibleParty>
                </CI_Citation>
            </citation>
            <abstract>
                <gco:CharacterString>El Mapa hidrogeológico del Departamento de La Guajira representado en 3 unidades hidrogeológicas, A: Sedimentos y Rocas con flujo esencialmente intergranular, B: Rocas con flujo esencialmente a través de fracturas (Rocas fracturadas y/o carstificadas), C: Sedimentos y Rocas con limitados recursos de agua subterránea. En este mapa también se representa el cubrimiento del inventario de puntos de agua, hidrogeología (isoyetas, evotranspiración y recarga potencial), Hidroquímica (Conductividad Eléctrica, Salinidad, pH y diagramas de sfiff), dirección de flujo (depósitos cuaternarios, formación monguí, Formación Castilletes) y geofísica de la zona media de La Guajira. |categoria:Mapas Nacionales|cobertura:Departamental</gco:CharacterString>
            </abstract>
            <purpose>
                <gco:CharacterString>Mapa hidrogeológico de la Guajira 2016 . Este mapa representa los cuerpos de agua, hidrogeología del Departamento de la Guajira. Mapa creado en 2016 por el grupo de aguas subterráneas de Servicio Geológico Colombiano.</gco:CharacterString>
            </purpose>
            <credit>
                <gco:CharacterString>Servicio Geológico Colombianohidrogeología del Servicio Grupo de trabajo de aguas subterráneas</gco:CharacterString>
            </credit>
            <pointOfContact>
                <CI_ResponsibleParty>
                    <individualName>
                        <gco:CharacterString>cliente@sgc.gov.co</gco:CharacterString>
                    </individualName>
                    <organisationName>
                        <gco:CharacterString>Servicio Geológico Colombiano</gco:CharacterString>
                    </organisationName>
                    <role>
                        <CI_RoleCode codeList="http://www.isotc211.org/2005/resources/Codelist/gmxCodelists.xml#CI_RoleCode" codeListValue="owner" codeSpace="ISOTC211/19115">owner</CI_RoleCode>
                    </role>
                </CI_ResponsibleParty>
            </pointOfContact>
            <descriptiveKeywords>
                <MD_Keywords>
                    <keyword>
                        <gco:CharacterString>Mapa hidrogeológico de la Guajira</gco:CharacterString>
                    </keyword>
                    <keyword>
                        <gco:CharacterString>hidrogeologia</gco:CharacterString>
                    </keyword>
                    <keyword>
                        <gco:CharacterString>Geología Básica</gco:CharacterString>
                    </keyword>
                    <keyword>
                        <gco:CharacterString>Hidrogeología</gco:CharacterString>
                    </keyword>
                </MD_Keywords>
            </descriptiveKeywords>
            <resourceConstraints>
                <MD_Constraints>
                    <useLimitation>
                        <gco:CharacterString>&amp;lt;a href="https://creativecommons.org/licenses/by/4.0/"&amp;gt;&amp;lt;img alt="Licencia de Creative Commons" src="https://i.creativecommons.org/l/by/4.0/88x31.png" style="border-width:0" /&amp;gt;&amp;lt;/a&amp;gt;&amp;lt;br /&amp;gt;Este obra está bajo una &amp;lt;a href="https://creativecommons.org/licenses/by/4.0/"&amp;gt;licencia de Creative Commons Reconocimiento 4.0 Internacional&amp;lt;/a&amp;gt;.</gco:CharacterString>
                    </useLimitation>
                </MD_Constraints>
            </resourceConstraints>
            <language>
                <LanguageCode codeList="http://www.loc.gov/standards/iso639-2/php/code_list.php" codeListValue="spa" codeSpace="ISO639-2">spa</LanguageCode>
            </language>
            <characterSet>
                <MD_CharacterSetCode codeList="http://www.isotc211.org/2005/resources/Codelist/gmxCodelists.xml#MD_CharacterSetCode" codeListValue="utf8" codeSpace="ISOTC211/19115">utf8</MD_CharacterSetCode>
            </characterSet>
            <topicCategory>
                <MD_TopicCategoryCode>geoscientificInformation</MD_TopicCategoryCode>
            </topicCategory>
            <extent>
                <EX_Extent>
                    <geographicElement>
                        <EX_GeographicBoundingBox>
                            <westBoundLongitude>
                                <gco:Decimal>-81.616839</gco:Decimal>
                            </westBoundLongitude>
                            <eastBoundLongitude>
                                <gco:Decimal>-66.846874</gco:Decimal>
                            </eastBoundLongitude>
                            <southBoundLatitude>
                                <gco:Decimal>-4.242436</gco:Decimal>
                            </southBoundLatitude>
                            <northBoundLatitude>
                                <gco:Decimal>12.458354</gco:Decimal>
                            </northBoundLatitude>
                        </EX_GeographicBoundingBox>
                    </geographicElement>
                    <geographicElement>
                        <EX_GeographicDescription>
                            <extentTypeCode>
                                <gco:Boolean>true</gco:Boolean>
                            </extentTypeCode>
                            <geographicIdentifier gco:nilReason="missing"/>
                        </EX_GeographicDescription>
                    </geographicElement>
                </EX_Extent>
            </extent>
        </MD_DataIdentification>
    </identificationInfo>
    <distributionInfo>
        <MD_Distribution>
            <transferOptions>
                <MD_DigitalTransferOptions>
                    <onLine>
                        <CI_OnlineResource>
                            <linkage>
                                <URL>https://services1.arcgis.com/Og2nrTKe5bptW02d/arcgis/rest/services/Mapa_hidrogeologico_Guajira/FeatureServer</URL>
                            </linkage>
                        </CI_OnlineResource>
                    </onLine>
                </MD_DigitalTransferOptions>
            </transferOptions>
        </MD_Distribution>
    </distributionInfo>
</MD_Metadata>
